teacher,essay_no,example_id,segment_no,unit_id,segment_text,job,believe,connects_to,how,notes
,1,D72FA02E59ED,1,u1,Why are more counties offering online learning?,,,,,
,1,D72FA02E59ED,2,u2,"With the increasing access to the internet,",,,,,
,1,D72FA02E59ED,3,u3,some schools are offering distance learning as an option for students to attend classes from home by way of online or video conferencing.,,,,,
,1,D72FA02E59ED,4,u4,This innovative way of learning brings many benefits for both teachers and students,,,,,
,1,D72FA02E59ED,5,u5,"by improving participation,",,,,,
,1,D72FA02E59ED,6,u6,"minimizing transportation,",,,,,
,1,D72FA02E59ED,7,u7,and offering simple solutions for problems.,,,,,
,1,D72FA02E59ED,8,u8,Teaching online helps improve participation rates.,,,,,
,1,D72FA02E59ED,9,u9,Students that are sick will be able to attend the video conferences,,,,,
,1,D72FA02E59ED,10,u10,and complete their work,,,,,
,1,D72FA02E59ED,11,u11,as they will not be able to risk the health of others.,,,,,
,1,D72FA02E59ED,12,u12,"Also, when most schools would have closed for bad weather,",,,,,
,1,D72FA02E59ED,13,u13,these online classes can stay up,,,,,
,1,D72FA02E59ED,14,u14,as students are already in the safety of their homes.,,,,,
,1,D72FA02E59ED,15,u15,Problems such as these affect teachers most,,,,,
,1,D72FA02E59ED,16,u16,because they are trying to get certain material accross before major test dates;,,,,,
,1,D72FA02E59ED,17,u17,a solution like this will really help teachers keep their students from falling behind.,,,,,
,1,D72FA02E59ED,18,u18,"Furthermore, Allowing students to work from home cuts time on transportation for both students and teachers.",,,,,
,1,D72FA02E59ED,19,u19,"Because online schooling allows for both students and teachers to stay at home,",,,,,
,1,D72FA02E59ED,20,u20,"students will be able to sleep in longer,",,,,,
,1,D72FA02E59ED,21,u21,and teachers will not have to take long commutes from their homes that are often far from the schools they work in.,,,,,
,1,D72FA02E59ED,22,u22,This solution will not only give students and staff more time for themselves,,,,,
,1,D72FA02E59ED,23,u23,but will also have positive effects on the environment.,,,,,
,1,D72FA02E59ED,24,u24,"The gasses that are produced from busses and cars are very damaging for the environment,",,,,,
,1,D72FA02E59ED,25,u25,"but the cut of transportation from online schooling will reduce these green house gasses significantly,",,,,,
,1,D72FA02E59ED,26,u26,and it will help improve our air quality,,,,,
,1,D72FA02E59ED,27,u27,as well as reduce our contribution to global warming;,,,,,
,1,D72FA02E59ED,28,u28,the improvement of our environment will help students feel more confident and hopeful for the world they'll live in.,,,,,
,1,D72FA02E59ED,29,u29,"Lastly, some argue",,,,,
,1,D72FA02E59ED,30,u30,that malfunctions can occur with the technonlogy,,,,,
,1,D72FA02E59ED,31,u31,"and that students could have unexpected problems with internet connection,",,,,,
,1,D72FA02E59ED,32,u32,"but with the increasing growth of technology,",,,,,
,1,D72FA02E59ED,33,u33,"most places offer free wifi,",,,,,
,1,D72FA02E59ED,34,u34,and all Generic_City libraries have computers for the public to use.,,,,,
,1,D72FA02E59ED,35,u35,Problems such as these are expected,,,,,
,1,D72FA02E59ED,36,u36,and have solutions thought out before hand to prevent such issues.,,,,,
,1,D72FA02E59ED,37,u37,"Counties, like Generic_City, have school issued computers that have the software and personel to prevent and help with problems like these,",,,,,
,1,D72FA02E59ED,38,u38,so students and teachers can rest assure that their online classes will have little to no problems.,,,,,
,1,D72FA02E59ED,39,u39,"After all the wonderful and problem solving benefits that online schooling can bring to students, from improved learning to reassurring solutions,",,,,,
,1,D72FA02E59ED,40,u40,one must see the need for more of it being implemented.,,,,,
,1,D72FA02E59ED,41,u41,So I implore you to reach out to your counties and parents to start a petition to increase the availibilty of online learning in schools.,,,,,
,2,64A4EBA4CC37,1,u1,Some schools allow students to complete classes online or through video conferencing from home as an alternative to being on campus.,,,,,
,2,64A4EBA4CC37,2,u2,Students would not benefit from attending classes at home,,,,,
,2,64A4EBA4CC37,3,u3,"because this leaves optimal room for cheating,",,,,,
,2,64A4EBA4CC37,4,u4,"this could cause students to lack social skills,",,,,,
,2,64A4EBA4CC37,5,u5,and this is an open opportunity for procrastination.,,,,,
,2,64A4EBA4CC37,6,u6,Having access to a computer or a cell phone is an advantage in the new technology-based generation.,,,,,
,2,64A4EBA4CC37,7,u7,"However, this leaves a place for dishonesty in work when used for in-home learning.",,,,,
,2,64A4EBA4CC37,8,u8,"Using the internet, you can access absolutely any information with a few clicks or taps.",,,,,
,2,64A4EBA4CC37,9,u9,Websites such as 'Brainly' and 'Quizlet' are used by students seeking answers;,,,,,
,2,64A4EBA4CC37,10,u10,they type in a question from their work,,,,,
,2,64A4EBA4CC37,11,u11,and every answer for all of the questions is right there in their hand.,,,,,
,2,64A4EBA4CC37,12,u12,"With cheating instead of actually learning and retaining knowledge, students will fall behind in the real world.",,,,,
,2,64A4EBA4CC37,13,u13,"In a classroom, most likely you will find",,,,,
,2,64A4EBA4CC37,14,u14,that cell phone use is prohibited due to the fact,,,,,
,2,64A4EBA4CC37,15,u15,that students don't use their phones for learning purposes.,,,,,
,2,64A4EBA4CC37,16,u16,"When students are guided by teachers instead of given the answers by computer,",,,,,
,2,64A4EBA4CC37,17,u17,they are more likely to remember the information later in life.,,,,,
,2,64A4EBA4CC37,18,u18,Students who work from home are not around their fellow classmates.,,,,,
,2,64A4EBA4CC37,19,u19,Being isolated from people is one way children and teens can lack social skills that they will most likely need now or as an adult.,,,,,
,2,64A4EBA4CC37,20,u20,"In a classroom, you are surrounded by other people your age,",,,,,
,2,64A4EBA4CC37,21,u21,and you all can learn from each other.,,,,,
,2,64A4EBA4CC37,22,u22,Classrooms are one of the first places where you learn how to communicate and collaborate with others.,,,,,
,2,64A4EBA4CC37,23,u23,These are only a few of the social skills you could lack from being alone every single day.,,,,,
,2,64A4EBA4CC37,24,u24,These skills are needed for getting jobs when you are older and for many other opportunities in life.,,,,,
,2,64A4EBA4CC37,25,u25,Working from home is a plus for getting to sleep in every day,,,,,
,2,64A4EBA4CC37,26,u26,"and being allowed to work at your own pace,",,,,,
,2,64A4EBA4CC37,27,u27,but some students could take advantage of this,,,,,
,2,64A4EBA4CC37,28,u28,and procrastinate.,,,,,
,2,64A4EBA4CC37,29,u29,"As i stated before,",,,,,
,2,64A4EBA4CC37,30,u30,"in this technology-based generation, a cell phone is a good thing to have.",,,,,
,2,64A4EBA4CC37,31,u31,"However, that could also serve as a distraction.",,,,,
,2,64A4EBA4CC37,32,u32,"Instead of being in the classroom where students are required by their teacher to complete tasks daily,",,,,,
,2,64A4EBA4CC37,33,u33,they are in the comfort of their own home free to do what they want to do.,,,,,
,2,64A4EBA4CC37,34,u34,"Watching television, talking on the phone, skipping work days, and oversleeping can all lead to falling behind in work and receiving failing grades.",,,,,
,2,64A4EBA4CC37,35,u35,"When you have a teacher pushing you to complete each task when it is assigned,",,,,,
,2,64A4EBA4CC37,36,u36,you are more than likely to complete all tasks given to you on time.,,,,,
,2,64A4EBA4CC37,37,u37,"This way, you will keep up your grades",,,,,
,2,64A4EBA4CC37,38,u38,while also learning a sense of responsibility.,,,,,
,2,64A4EBA4CC37,39,u39,"In conclusion, students would benefit more from learning in a classroom than they would from working at home.",,,,,
,2,64A4EBA4CC37,40,u40,"They won't be able to cheat on their work as easily as they could from home,",,,,,
,2,64A4EBA4CC37,41,u41,"they will have good communication skills from being surrounded by their fellow classmates,",,,,,
,2,64A4EBA4CC37,42,u42,and they are less likely to procrastinate their assignments.,,,,,
